<?xml version="1.0" encoding="UTF-8"?>
<!DOCTYPE mapper PUBLIC "-//mybatis.org//DTD Mapper 3.0//EN" "http://mybatis.org/dtd/mybatis-3-mapper.dtd">
<mapper namespace="com.oracle.hellong.GSMapper">
		<select id="totalService" parameterType="int" resultType="int">
		SELECT Count(*) FROM G_S where g_id = #{g_id} and s_isdeleted = 0
	</select>

	<insert id="createService" parameterType="GS">
	    <selectKey keyProperty="s_number" resultType="int" order="BEFORE">
	        select s_number_seq.nextval as s_number from dual
	    </selectKey>
	    insert into G_S(g_id, s_number, s_name, s_detail, s_price, s_period, s_matters)
	    values(#{g_id}, #{s_number}, #{s_name}, #{s_detail}, #{s_price}, #{s_period}, #{s_matters})
	</insert>
		
	<select id="fetchServiceDetails" parameterType="int" resultType="GS">
		select * from g_s where s_number=#{s_number}
	</select>
	
	
	<update id="updateService" parameterType="GS">
		update G_S 
		set s_name=#{s_name},s_detail=#{s_detail},s_price=#{s_price},s_period=#{s_period},s_matters=#{s_matters}
		where s_number=#{s_number}
	</update>
	
	
	<delete id="deleteService" parameterType="int">
		update G_S 
		set s_isdeleted = 1
		where s_number=#{s_number}
	</delete>
	
	<select id="getTotalSearchService" parameterType="GS" resultType="int">
		SELECT Count(*) FROM G_S
		WHERE s_name LIKE '%' || #{keyword} || '%'
		and g_id = #{g_id}
		and s_isdeleted = 0
	</select>
	
<!-- 	<select id="getListSearchService" parameterType="GS" resultType="GS">
		SELECT *
		FROM
		(
		    SELECT rownum rn, a.*
		    FROM
		    (
		        SELECT * 
		        FROM G_S 
		        WHERE s_name LIKE '%' || #{keyword} || '%' 
		        and g_id = #{g_id}
		        ORDER BY s_number desc
		    ) a
		)   
		WHERE rn BETWEEN #{start} AND #{end}
	</select> -->
	
	
	
<!-- 	<select id="getSelectServiceList" parameterType="int" resultType="GS">
		select *
		from g_s
		where g_id = #{g_id}
	</select> -->

    <select id="getGymPrice" parameterType="int" resultType="GS">
        
        SELECT *
		FROM (
		  SELECT S_PRICE
		  FROM HELLONG.G_S
		  WHERE G_ID = #{g_id1}
		  ORDER BY S_PRICE ASC
		)
		WHERE ROWNUM = 1

    </select>
    
    
    

</mapper>