<?xml version="1.0" encoding="UTF-8"?>
<!DOCTYPE mapper PUBLIC "-//mybatis.org//DTD Mapper 3.0//EN" "http://mybatis.org/dtd/mybatis-3-mapper.dtd">
<mapper namespace="com.oracle.hellong.GymBoardFileMapper">
	
	<select id="gbf_idList" parameterType="int" resultType="GymBoardFile">
		select * from gym_board_file
		where g_id=#{g_id}
	</select>


	<insert id="saveGymFile" parameterType="GymBoardFile">
		insert into gym_board_file(gbf_id,g_id,gbf_originalFileName,gbf_storedFileName) 
								values(GYM_BOARD_FILE_SEQ.nextval,#{g_id},#{gbf_originalFileName},#{gbf_storedFileName})
	</insert>
	
	<select id="getFilesByGymId" parameterType="int" resultType="GymBoardFile">
		select gbf_storedfilename from gym_board_file where g_id=#{g_id}
	</select>

	<delete id="deleteGymFile" parameterType="int">
		delete from gym_board_file where g_id=#{g_id}
	</delete>
	
	
	<select id="gymBoardFileListRead" parameterType="int" resultType="GymBoardFile">
		select * 
		from gym_board_file
		where g_id = #{g_id} 
	</select>

   <select id="getGymPhoto" parameterType="int" resultType="GymBoardFile">
        SELECT GBF_STOREDFILENAME
			FROM GYM_BOARD_FILE
			WHERE G_ID = #{g_id2}
			AND ROWNUM = 1
    </select>
    
<!--     0319 헬스장맵 사진가져오기실험-->
   <select id="shgymBoardFiles" resultType="GymBoardFile">
        SELECT G_ID,
       GBF_ID,
       GBF_ORIGINALFILENAME,
       GBF_STOREDFILENAME
		FROM   (
		    SELECT G_ID,
		           GBF_ID,
		           GBF_ORIGINALFILENAME,
		           GBF_STOREDFILENAME,
		           ROW_NUMBER() OVER (PARTITION BY G_ID ORDER BY GBF_ID ASC) AS rn
		    FROM HELLONG.GYM_BOARD_FILE
		)
		WHERE  rn = 1
    </select>


</mapper>