<?xml version="1.0" encoding="UTF-8"?>
<!DOCTYPE mapper PUBLIC "-//mybatis.org//DTD Mapper 3.0//EN" "http://mybatis.org/dtd/mybatis-3-mapper.dtd">
<mapper namespace="com.oracle.hellong.GymBoardMapper">

	<select id="jhgymCount" resultType="int" parameterType="Gym">
		select *
		from gym_board
		where g_id = #{g_id}
	</select>
	<select id="jhgymDetail" resultType="GymBoard" parameterType="Gym">
		select *
		from gym_board
		where g_id = #{g_id}
	</select>

	<insert id="gymboardWrite" parameterType="GymBoard">
	    insert into gym_board
	           ( g_id,  gb_title, gb_regdate, gb_ment, gb_video,  gb_time,  gb_machine,  gb_amen,   
	             gb_map,      
	             gb_hit) 
	    values( #{g_id} ,#{gb_title}, sysdate, #{gb_ment}, #{gb_video}, #{gb_time}, #{gb_machine}, #{gb_amen}, 
	            #{gb_map, jdbcType=VARCHAR},   
	            #{gb_hit}
	          )
	</insert>
	
	<update id="updateGymPost" parameterType="GymBoard">
		update gym_board 
		set gb_title=#{gb_title}, gb_regdate=sysdate, gb_ment=#{gb_ment}, gb_video=#{gb_video}, gb_time=#{gb_time},
		    gb_machine=#{gb_machine}, gb_amen=#{gb_amen}, gb_hit=#{gb_hit}
		where g_id = #{g_id}
	</update>
	
	<delete id="deleteGymPost" parameterType="int">
		delete from gym_board where g_id = #{g_id}
	</delete>
	
	<select id="dySearchGymBoards" parameterType="GymBoard" resultType="GymBoard">
		SELECT
		gb_title, gb_machine, gb_amen, gb_map
		FROM gym_board
		WHERE gb_title LIKE '%' || #{totKeyword} || '%'
		OR gb_machine LIKE '%' || #{totKeyword} || '%'
		OR gb_amen LIKE '%' || #{totKeyword} || '%'
		OR gb_map LIKE '%' || #{totKeyword} || '%'
	</select>


</mapper>