<?xml version="1.0" encoding="UTF-8"?>
<!DOCTYPE mapper PUBLIC "-//mybatis.org//DTD Mapper 3.0//EN" "http://mybatis.org/dtd/mybatis-3-mapper.dtd">
<mapper namespace="com.oracle.hellong.BoardMapper">

	<select id="boardTotal" parameterType="int" resultType="int">
		SELECT
		Count(*) FROM BOARD where M_NUMBER = #{M_NUMBER} AND COMMON_BCD = 200 AND COMMON_MCD = 120
	</select>
	
	<select id="jjBoardListAll" parameterType="Board" resultType="Board">
		<![CDATA[
		SELECT *
		FROM
		(
			SELECT rownum rn, a.*
			FROM
						(select * from board order by b_number desc) a
		)
		WHERE rn >= #{start}
		and   rn <= #{end}
		]]>
	</select>
	
	<select id="jjBoardOne" parameterType="int" resultType="Board">
		SELECT  b_number, b_title, b_regdate,
			    b_recomm_count, b_readcount, b_content
			  , board_min_max(b_number,1)  prevPage
			  , board_min_max(b_number,2)  nextPage
		FROM board 
		WHERE b_number = #{b_number}
		
	</select>
	
	<update id="plusCnt" parameterType="int">
		UPDATE board SET b_readcount = b_readcount + 1
		WHERE b_number = #{b_number}
	</update>
	
	<update id="hitCnt" parameterType="int">
		UPDATE board SET b_recomm_count = b_recomm_count + 1
		WHERE b_number = #{b_number}
	</update>
	
	<update id="jjBoardUpdate" parameterType="Board">
		UPDATE board SET b_title   = #{b_title},
						 b_content = #{b_content},
						 b_update  = sysdate
		WHERE b_number = #{b_number}
	</update>
	
	<select id="jjSelectManager" resultType="Board">
		SELECT 	*
		FROM 	board
	</select>
	
	<insert id="jjinsertBoard" parameterType="Board">
		<selectKey keyProperty="b_number" resultType="int" order="BEFORE">
			SELECT NVL(MAX(b_number), 0) + 1 FROM board
			<!-- SELECT b_number_seq.NEXTVAL FROM DUAL -->
		</selectKey>
		INSERT INTO board ( b_number, b_title, b_content )
					values( #{b_number}, #{b_title}, #{b_content} )
	</insert>
	
	<delete id="deleteBoard" parameterType="Board">
		DELETE FROM board where b_number = #{b_number}
	</delete>

	<select id="ContentBoard" parameterType="int" resultType="Board">
		SELECT
		* FROM BOARD where B_NUMBER = #{b_NUMBER}
	</select>



	<select id="NumChangeNum" parameterType="string"
		resultType="int">
		SELECT M_NUMBER
		FROM MEMBER
		WHERE M_ID = #{member_id}
	</select>
	
	<select id="countCommentsByBNumber" parameterType="int" resultType="int">
    SELECT COUNT(*) FROM BOARD
    WHERE B_COMM_GROUP = #{bNumber}
	</select>

	<select id="samequeboard" parameterType="Board"
		resultType="Board">
		SELECT *
		FROM
		(
		SELECT rownum rn ,B.*
		FROM BOARD B
		WHERE M_NUMBER = #{m_number}
		AND COMMON_BCD = 200 AND COMMON_MCD = 120
		ORDER BY B_NUMBER DESC
		)
		WHERE rn BETWEEN #{start} and #{end}
	</select>
	<select id="Queinsert" parameterType="Board">
		INSERT INTO BOARD (B_NUMBER, COMMON_BCD, COMMON_MCD , B_TITLE, B_CONTENT,M_NUMBER)
		VALUES (B_NUMBER_SEQ.NEXTVAL, #{common_bcd},#{common_mcd}, #{b_title},#{b_content},#{m_number})
	</select>

	<delete id="SCRAP_delete" parameterType="int">
		DELETE FROM
		"HELLONG"."SCRAP" WHERE "B_NUMBER" = #{bId}
	</delete>
	<delete id="REPORT_delete" parameterType="int">
		DELETE FROM
		"HELLONG"."REPORT" WHERE "B_NUMBER" = #{bId}
	</delete>
	<delete id="COMM_delete" parameterType="int">
		DELETE FROM BOARD
		WHERE B_COMM_GROUP = #{bId}
	</delete>
	<delete id="que_delete" parameterType="int">
		DELETE FROM BOARD
		WHERE B_NUMBER = #{bId}
	</delete>


	<insert id="addComment" parameterType="Board">
		INSERT INTO BOARD (B_NUMBER, COMMON_BCD, COMMON_MCD, B_CONTENT, M_NUMBER, B_COMM_GROUP)
		VALUES (B_NUMBER_SEQ.NEXTVAL, #{common_bcd},#{common_mcd}, #{b_content},#{m_number}, #{b_comm_group})
	</insert>



	<select id="callComment" parameterType="Board" resultType="Board">
		SELECT *
		FROM BOARD
		WHERE B_COMM_GROUP = #{b_comm_group}
		AND M_NUMBER = #{m_number}
		AND COMMON_BCD = #{common_bcd}
		AND common_mcd = #{common_mcd}
		AND B_CONTENT = #{b_content}
		AND B_NUMBER = (
		SELECT MAX(B_NUMBER) FROM BOARD
		)


	</select>

	<select id="getComments" parameterType="int" resultType="Board">
		SELECT * FROM BOARD WHERE COMMON_BCD = 200 AND COMMON_MCD = 121
		AND B_COMM_GROUP = #{B_NUMBER}
		ORDER BY B_NUMBER DESC

	</select>

	<delete id="deleteComment" parameterType="int">
		DELETE FROM BOARD WHERE B_NUMBER = #{b_number}
	</delete>

	<update id="updateAttribute" parameterType="Board">
		UPDATE BOARD
		SET B_TITLE = #{b_title},
		B_CONTENT = #{b_content}
		WHERE B_NUMBER = #{b_number}
	</update>
	
	<select id="SHgetallQnA" resultType="Board">
		SELECT
		* FROM BOARD where COMMON_MCD = 120 AND B_ISRECOMM !=3
	</select>

	<update id="delThisTable" parameterType="int">
		UPDATE BOARD
		SET B_ISRECOMM = 3
		WHERE B_NUMBER = #{b_number}
	</update>
	
	<select id="getNotice" resultType="Board">
		SELECT * FROM (
		    SELECT *
		    FROM BOARD
		    WHERE COMMON_BCD = 200
		      AND COMMON_MCD = 110
		    ORDER BY B_REGDATE DESC
		) WHERE ROWNUM = 1
	</select>

	<select id="getPopular" resultType="Board">
		SELECT * FROM (
		    SELECT *
		    FROM BOARD
		    WHERE COMMON_BCD = 200
		      AND COMMON_MCD = 10
		    ORDER BY B_RECOMM_COUNT DESC
		) WHERE ROWNUM = 1
	</select>

	<select id="getbodyProfile" resultType="Board">
		SELECT * FROM (
		    SELECT *
		    FROM BOARD
		    WHERE COMMON_BCD = 200
		      AND COMMON_MCD = 20
		    ORDER BY B_RECOMM_COUNT DESC
		) WHERE ROWNUM = 1
	</select>
	
	
	
	
	

	<select id="dyBoardTotal" resultType="int">
		SELECT Count(*) FROM board
	</select>

	<select id="dyBodyProfileListAll" parameterType="Board"
		resultType="Board">
	 <![CDATA[
		SELECT *
		FROM
		(
		        SELECT rownum rn , a.*
		        FROM
		                   (select * from board order by b_number desc) a
		 )  
		 WHERE  rn  >= #{start} 
 		and    rn  <= #{end} 
		]]>
	</select>

	<select id="dyBoardSelect" parameterType="int"
		resultType="Board">
		SELECT * FROM board WHERE b_number = #{b_number}
	</select>

	<update id="dyBodyProfileUpdate" parameterType="Board">
		UPDATE board SET
		b_title=#{b_title},
		b_content=#{b_content},
		b_regdate=sysdate
		WHERE
		b_number = #{b_number}
	</update>

	<select id="dySelectManager" resultType="Board">
		SELECT * FROM board
	</select>

	<insert id="dyInsertBodyProfile" parameterType="Board">
		<selectKey keyProperty="b_number" resultType="int"
			order="BEFORE">
			SELECT NVL(MAX(b_number), 0) + 1 FROM board
		</selectKey>
		INSERT INTO board ( b_number, b_title, b_content, b_images )
		values( #{b_number}, #{b_title}, #{b_content}, #{b_images} )
	</insert>

	<delete id="dyDeleteBodyProfile" parameterType="int">
		delete from board
		where b_number = #{b_number}
	</delete>

	<select id="dyCondBodyProfileTotal" parameterType="Board"
		resultType="int">
		SELECT Count(*) FROM board
		<choose>
			<when test="search == 'all'">
				WHERE b_title like '%' || #{keyword} || '%' OR
				b_content like '%' || #{keyword} || '%'
			</when>
			<when test="search == 'title'">
				WHERE b_title like '%' || #{keyword} || '%'
			</when>
			<when test="search == 'content'">
				WHERE b_content like '%' || #{keyword} || '%'
			</when>
		</choose>
	</select>

	<select id="dyBoardSearchList" parameterType="Board"
		resultType="Board">
		SELECT *
		FROM
		(
		SELECT rownum rn, a.*
		FROM
				(select * from board
				<choose>
					<when test="search == 'all'">
						WHERE b_title like '%' || #{keyword} || '%' OR
						b_content like '%' || #{keyword} || '%'
					</when>
					<when test="search == 'title'">
						WHERE b_title like '%' || #{keyword} || '%'
					</when>
					<when test="search == 'content'">
						WHERE b_content like '%' || #{keyword} || '%'
					</when>
				</choose>
				order by b_number
				) a
		)
		WHERE rn BETWEEN #{start} and #{end}
	</select>
</mapper>